time,V(in),V(a),V(out),I(V1)
0,5,5,2e-21,-1.000005634e-12
2e-06,5,4.950514648,0.001979414095,-0.0009897070477
4e-06,5,4.901558236,0.005917084651,-0.001968835278
6e-06,5,4.853144702,0.01179129657,-0.002937105959
8e-06,5,4.805287624,0.01957979162,-0.003894247526
1e-05,5,4.758000219,0.02925978285,-0.004839995613
1.2e-05,5,4.711295346,0.04080796902,-0.005774093088
1.4e-05,5,4.665185496,0.05420054918,-0.006696290078
1.6e-05,5,4.6196828,0.06941323716,-0.00760634399
1.8e-05,5,4.574799023,0.08642127624,-0.00850401954
2e-05,5,4.530545562,0.1051994538,-0.009389088761
2.2e-05,5,4.486933449,0.1257221158,-0.01026133103
2.4e-05,5,4.443973347,0.1479631819,-0.01112053306
2.6e-05,5,4.401675553,0.1718961598,-0.01196648894
2.8e-05,5,4.360049995,0.19749416,-0.01279900011
3e-05,5,4.319106231,0.2247299108,-0.01361787537
3.2e-05,5,4.278853455,0.2535757726,-0.01442293091
3.4e-05,5,4.239300487,0.2840037531,-0.01521399025
3.6e-05,5,4.200455785,0.3159855217,-0.01599088431
3.8e-05,5,4.162327435,0.3494924243,-0.01675345131
4e-05,5,4.124923158,0.384495498,-0.01750153684
4.2e-05,5,4.08825031,0.4209654856,-0.01823499381
4.4e-05,5,4.052315879,0.4588728504,-0.01895368241
4.6e-05,5,4.017126492,0.4981877907,-0.01965747015
4.8e-05,5,3.982688411,0.5388802543,-0.02034623178
5e-05,5,3.949007535,0.5809199529,-0.0210198493
5.2e-05,5,3.916089405,0.6242763767,-0.0216782119
5.4e-05,5,3.883939201,0.6689188087,-0.02232121598
5.6e-05,5,3.852561747,0.7148163388,-0.02294876506
5.8e-05,5,3.82196151,0.7619378784,-0.02356076979
6e-05,5,3.792142606,0.8102521741,-0.02415714788
6.2e-05,5,3.763108796,0.8597278223,-0.02473782407
6.4e-05,5,3.734863494,0.9103332825,-0.02530273011
6.6e-05,5,3.707409766,0.9620368919,-0.02585180469
6.8e-05,5,3.680750331,1.014806879,-0.02638499338
7e-05,5,3.654887569,1.068611376,-0.02690224862
7.2e-05,5,3.629823518,1.123418435,-0.02740352964
7.4e-05,5,3.60555988,1.17919604,-0.0278888024
7.6e-05,5,3.582098021,1.235912119,-0.02835803958
7.8e-05,5,3.559438977,1.29353456,-0.02881122047
8e-05,5,3.537583454,1.352031222,-0.02924833091
8.2e-05,5,3.516531835,1.411369948,-0.02966936329
8.4e-05,5,3.496284179,1.471518581,-0.03007431641
8.6e-05,5,3.476840227,1.532444972,-0.03046319546
8.8e-05,5,3.458199403,1.594116996,-0.03083601194
9e-05,5,3.44036082,1.656502563,-0.03119278359
9.2e-05,5,3.423323284,1.719569632,-0.03153353432
9.4e-05,5,3.407085293,1.78328622,-0.03185829414
9.6e-05,5,3.391645047,1.847620418,-0.03216709906
9.8e-05,5,3.377000446,1.9125404,-0.03245999107
0.0001,5,3.3631491,1.978014437,-0.03273701801
0.000102,5,3.350088325,2.044010903,-0.03299823349
0.000104,5,3.337815157,2.110498297,-0.03324369686
0.000106,5,3.326326346,2.177445243,-0.03347347308
0.000108,5,3.315618367,2.244820509,-0.03368763265
0.00011,5,3.305687423,2.312593012,-0.03388625154
0.000112,5,3.296529447,2.380731834,-0.03406941106
0.000114,5,3.288140108,2.44920623,-0.03423719784
0.000116,5,3.280514816,2.517985637,-0.03438970367
0.000118,5,3.273648726,2.587039688,-0.03452702548
0.00012,5,3.267536741,2.656338218,-0.03464926518
0.000122,5,3.262173518,2.725851277,-0.03475652963
0.000124,5,3.257553475,2.795549138,-0.0348489305
0.000126,5,3.25367079,2.865402307,-0.0349265842
0.000128,5,3.250519411,2.93538153,-0.03498961177
0.00013,5,3.248093059,3.005457808,-0.03503813882
0.000132,5,3.246385231,3.075602399,-0.03507229539
0.000134,5,3.245389207,3.145786831,-0.03509221586
0.000136,5,3.245098055,3.215982908,-0.03509803889
0.000138,5,3.245504636,3.286162723,-0.03508990728
0.00014,5,3.246601607,3.356298659,-0.03506796787
0.000142,5,3.248381426,3.426363402,-0.03503237147
0.000144,5,3.250836362,3.496329947,-0.03498327275
0.000146,5,3.253958493,3.566171607,-0.03492083013
0.000148,5,3.257739716,3.635862019,-0.03484520567
0.00015,5,3.26217175,3.705375149,-0.03475656499
0.000152,5,3.267246142,3.774685303,-0.03465507716
0.000154,5,3.272954271,3.843767132,-0.03454091459
0.000156,5,3.279287354,3.912595638,-0.03441425293
0.000158,5,3.286236451,3.98114618,-0.03427527098
0.00016,5,3.293792471,4.049394481,-0.03412415058
0.000162,5,3.301946176,4.117316634,-0.03396107649
0.000164,5,3.310688185,4.184889107,-0.03378623631
0.000166,5,3.320008982,4.252088747,-0.03359982035
0.000168,5,3.329898921,4.318892791,-0.03340202158
0.00017,5,3.340348227,4.385278862,-0.03319303545
0.000172,5,3.351347007,4.451224981,-0.03297305986
0.000174,5,3.36288525,4.516709571,-0.03274229499
0.000176,5,3.374952837,4.581711458,-0.03250094327
0.000178,5,3.38753954,4.646209876,-0.0322492092
0.00018,5,3.400635034,4.710184475,-0.03198729931
0.000182,5,3.414228899,4.773615319,-0.03171542203
0.000184,5,3.428310621,4.836482894,-0.03143378757
0.000186,5,3.442869606,4.89876811,-0.03114260787
0.000188,5,3.457895178,4.960452303,-0.03084209645
0.00019,5,3.473376584,5.021517239,-0.03053246832
0.000192,5,3.489303005,5.081945119,-0.03021393989
0.000194,5,3.505663555,5.141718577,-0.02988672889
0.000196,5,3.522447289,5.200820685,-0.02955105421
0.000198,5,3.539643207,5.259234957,-0.02920713586
0.0002,5,3.557240258,5.316945347,-0.02885519484
0.000202,5,3.575227347,5.373936253,-0.02849545306
0.000204,5,3.593593339,5.430192519,-0.02812813323
0.000206,5,3.612327062,5.485699437,-0.02775345875
0.000208,5,3.631417317,5.540442744,-0.02737165367
0.00021,5,3.650852874,5.594408629,-0.02698294252
0.000212,5,3.670622487,5.64758373,-0.02658755027
0.000214,5,3.690714889,5.699955134,-0.02618570222
0.000216,5,3.711118805,5.751510382,-0.0257776239
0.000218,5,3.73182295,5.802237464,-0.025363541
0.00022,5,3.752816038,5.852124822,-0.02494367924
0.000222,5,3.774086784,5.901161351,-0.02451826433
0.000224,5,3.795623908,5.949336395,-0.02408752183
0.000226,5,3.817416144,5.996639749,-0.02365167711
0.000228,5,3.839452239,6.043061659,-0.02321095523
0.00023,5,3.861720957,6.088592821,-0.02276558085
0.000232,5,3.88421109,6.133224377,-0.0223157782
0.000234,5,3.906911455,6.176947919,-0.0218617709
0.000236,5,3.929810901,6.219755483,-0.02140378199
0.000238,5,3.952898313,6.261639551,-0.02094203374
0.00024,5,3.976162617,6.302593046,-0.02047674765
0.000242,5,3.999592783,6.342609335,-0.02000814434
0.000244,5,4.023177827,6.381682222,-0.01953644346
0.000246,5,4.046906818,6.419805949,-0.01906186364
0.000248,5,4.070768881,6.456975194,-0.01858462238
0.00025,5,4.0947532,6.493185066,-0.018104936
0.000252,5,4.118849021,6.528431105,-0.01762301959
0.000254,5,4.143045657,6.562709279,-0.01713908686
0.000256,5,4.167332492,6.596015979,-0.01665335016
0.000258,5,4.191698982,6.62834802,-0.01616602036
0.00026,5,4.216134662,6.659702633,-0.01567730676
0.000262,5,4.240629145,6.690077467,-0.0151874171
0.000264,5,4.26517213,6.719470582,-0.01469655741
0.000266,5,4.2897534,6.747880446,-0.014204932
0.000268,5,4.314362831,6.775305933,-0.01371274338
0.00027,5,4.33899039,6.801746317,-0.01322019219
0.000272,5,4.363626142,6.827201272,-0.01272747717
0.000274,5,4.388260248,6.851670862,-0.01223479504
0.000276,5,4.412882974,6.875155543,-0.01174234053
0.000278,5,4.437484688,6.897656155,-0.01125030624
0.00028,5,4.462055869,6.91917392,-0.01075888263
0.000282,5,4.486587102,6.939710436,-0.01026825796
0.000284,5,4.511069088,6.959267673,-0.009778618242
0.000286,5,4.535492641,6.977847967,-0.009290147177
0.000288,5,4.559848694,6.995454019,-0.008803026112
0.00029,5,4.5841283,7.012088887,-0.008317433995
0.000292,5,4.608322634,7.027755982,-0.007833547325
0.000294,5,4.632422994,7.042459062,-0.007351540111
0.000296,5,4.656420809,7.05620223,-0.006871583827
0.000298,5,4.680307632,7.068989925,-0.006393847368
0.0003,5,4.704075149,7.080826919,-0.005918497014
0.000302,5,4.727715181,7.091718312,-0.005445696388
0.000304,5,4.751219679,7.101669524,-0.004975606419
0.000306,5,4.774580735,7.110686295,-0.004508385307
0.000308,5,4.797790576,7.118774672,-0.004044188488
0.00031,5,4.82084157,7.125941009,-0.0035831686
0.000312,5,4.843726227,7.13219196,-0.003125475454
0.000314,5,4.8664372,7.137534472,-0.002671255999
0.000316,5,4.888967285,7.141975781,-0.0022206543
0.000318,5,4.911309425,7.145523404,-0.001773811504
0.00032,5,4.933456709,7.148185135,-0.001330865819
0.000322,5,4.955402376,7.14996904,-0.0008919524861
0.000324,5,4.977139812,7.150883448,-0.0004572037589
0.000326,5,4.998662556,7.150936946,-2.674888098e-05
0.000328,5,5.019964297,7.150138374,0.0003992859344
0.00033,5,5.041038876,7.148496819,0.0008207775229
0.000332,5,5.061880289,7.146021607,0.001237605786
0.000334,5,5.082482685,7.1427223,0.001649653709
0.000336,5,5.102840369,7.138608685,0.002056807373
0.000338,5,5.122947798,7.133690773,0.002458955967
0.00034,5,5.14279959,7.127978789,0.002855991807
0.000342,5,5.162390517,7.121483169,0.003247810338
0.000344,5,5.181715507,7.114214548,0.003634310146
0.000346,5,5.200769648,7.106183762,0.004015392969
0.000348,5,5.219548185,7.097401835,0.004390963699
0.00035,5,5.238046519,7.087879974,0.00476093039
0.000352,5,5.256260213,7.077629566,0.00512520426
0.000354,5,5.274184985,7.066662166,0.005483699696
0.000356,5,5.291816713,7.054989498,0.005836334254
0.000358,5,5.309151433,7.042623441,0.006183028655
0.00036,5,5.32618534,7.029576027,0.006523706793
0.000362,5,5.342914786,7.015859436,0.006858295722
0.000364,5,5.359336283,7.001485984,0.007186725663
0.000366,5,5.375446499,6.986468124,0.007508929988
0.000368,5,5.391242261,6.970818434,0.007824845222
0.00037,5,5.406720552,6.954549612,0.008134411034
0.000372,5,5.421878511,6.937674471,0.008437570226
0.000374,5,5.436713436,6.920205934,0.008734268726
0.000376,5,5.451222779,6.902157023,0.009024455574
0.000378,5,5.465404146,6.883540857,0.009308082917
0.00038,5,5.479255299,6.864370645,0.009585105986
0.000382,5,5.492774155,6.844659679,0.009855483091
0.000384,5,5.50595878,6.824421327,0.0101191756
0.000386,5,5.518807396,6.803669032,0.01037614793
0.000388,5,5.531318376,6.782416297,0.01062636751
0.00039,5,5.54349024,6.760676687,0.0108698048
0.000392,5,5.555321662,6.738463821,0.01110643323
0.000394,5,5.566811461,6.715791362,0.01133622921
0.000396,5,5.577958605,6.692673018,0.0115591721
0.000398,5,5.588762208,6.66912253,0.01177524416
0.0004,5,5.599221529,6.645153668,0.01198443059
0.000402,5,5.609335972,6.62078023,0.01218671944
0.000404,5,5.619105081,6.596016026,0.01238210163
0.000406,5,5.628528545,6.570874884,0.0125705709
0.000408,5,5.637606189,6.545370637,0.01275212379
0.00041,5,5.646337981,6.519517118,0.01292675961
0.000412,5,5.654724022,6.493328157,0.01309448044
0.000414,5,5.662764552,6.466817575,0.01325529104
0.000416,5,5.670459945,6.439999177,0.01340919889
0.000418,5,5.677810705,6.412886749,0.0135562141
0.00042,5,5.684817471,6.38549405,0.01369634942
0.000422,5,5.691481009,6.35783481,0.01382962018
0.000424,5,5.697802214,6.329922721,0.01395604428
0.000426,5,5.703782107,6.301771437,0.01407564214
0.000428,5,5.709421834,6.273394563,0.01418843669
0.00043,5,5.714722664,6.244805657,0.01429445329
0.000432,5,5.719685987,6.216018217,0.01439371973
0.000434,5,5.72431331,6.187045685,0.01448626621
0.000436,5,5.728606262,6.157901434,0.01457212524
0.000438,5,5.732566584,6.128598771,0.01465133168
0.00044,5,5.736196132,6.099150926,0.01472392264
0.000442,5,5.739496874,6.069571051,0.01478993747
0.000444,5,5.742470887,6.039872215,0.01484941774
0.000446,5,5.745120357,6.010067401,0.01490240715
0.000448,5,5.747447577,5.980169498,0.01494895153
0.00045,5,5.74945494,5.9501913,0.0149890988
0.000452,5,5.751144946,5.920145503,0.01502289892
0.000454,5,5.752520191,5.890044695,0.01505040382
0.000456,5,5.753583371,5.85990136,0.01507166741
0.000458,5,5.754337277,5.829727869,0.01508674553
0.00046,5,5.754784794,5.799536477,0.01509569587
0.000462,5,5.754928898,5.769339321,0.01509857795
0.000464,5,5.754772655,5.739148415,0.01509545311
0.000466,5,5.75431922,5.708975646,0.01508638439
0.000468,5,5.753571829,5.678832773,0.01507143658
0.00047,5,5.752533805,5.648731421,0.0150506761
0.000472,5,5.75120855,5.618683079,0.01502417101
0.000474,5,5.749599546,5.588699097,0.01499199092
0.000476,5,5.747710349,5.558790683,0.01495420699
0.000478,5,5.745544592,5.528968899,0.01491089185
0.00048,5,5.743105979,5.49924466,0.01486211958
0.000482,5,5.740398284,5.469628729,0.01480796567
0.000484,5,5.737425347,5.440131715,0.01474850695
0.000486,5,5.734191077,5.410764072,0.01468382155
0.000488,5,5.730699444,5.381536094,0.01461398888
0.00049,5,5.726954478,5.352457915,0.01453908956
0.000492,5,5.722960271,5.323539504,0.01445920541
0.000494,5,5.718720967,5.294790666,0.01437441935
0.000496,5,5.71424077,5.266221035,0.0142848154
0.000498,5,5.709523932,5.237840077,0.01419047863
0.0005,5,5.704574755,5.209657087,0.0140914951
0.000502,5,5.699397591,5.181681184,0.01398795182
0.000504,5,5.693996836,5.15392131,0.01387993671
0.000506,5,5.688376929,5.126386233,0.01376753857
0.000508,5,5.682542351,5.099084539,0.01365084701
0.00051,5,5.676497621,5.072024634,0.01352995241
0.000512,5,5.670247295,5.045214742,0.0134049459
0.000514,5,5.663795965,5.018662904,0.01327591929
0.000516,5,5.657148252,4.992376974,0.01314296503
0.000518,5,5.65030881,4.966364621,0.0130061762
0.00052,5,5.64328232,4.940633329,0.0128656464
0.000522,5,5.636073489,4.915190389,0.01272146978
0.000524,5,5.628687048,4.890042907,0.01257374095
0.000526,5,5.621127748,4.865197797,0.01242255496
0.000528,5,5.613400362,4.840661783,0.01226800724
0.00053,5,5.605509679,4.816441396,0.01211019359
0.000532,5,5.597460504,4.792542975,0.01194921008
0.000534,5,5.589257654,4.768972669,0.01178515309
0.000536,5,5.580905959,4.745736431,0.01161811918
0.000538,5,5.572410257,4.722840021,0.01144820513
0.00054,5,5.563775393,4.700289005,0.01127550785
0.000542,5,5.555006218,4.678088756,0.01110012436
0.000544,5,5.546107587,4.656244453,0.01092215174
0.000546,5,5.537084354,4.634761079,0.01074168708
0.000548,5,5.527941375,4.613643424,0.01055882749
0.00055,5,5.5186835,4.592896084,0.01037367001
0.000552,5,5.509315579,4.57252346,0.01018631158
0.000554,5,5.499842452,4.552529762,0.009996849045
0.000556,5,5.490268953,4.532919004,0.009805379055
0.000558,5,5.480599904,4.513695008,0.009611998076
0.00056,5,5.470840117,4.494861403,0.009416802334
0.000562,5,5.460994389,4.476421628,0.009219887781
0.000564,5,5.451067503,4.458378928,0.009021350066
0.000566,5,5.441064225,4.440736359,0.008821284493
0.000568,5,5.4309893,4.423496787,0.00861978599
0.00057,5,5.420847454,4.406662889,0.008416949077
0.000572,5,5.410643391,4.390237153,0.00821286783
0.000574,5,5.400381792,4.374221881,0.008007635847
0.000576,5,5.390067311,4.358619189,0.007801346223
0.000578,5,5.379704575,4.343431006,0.007594091509
0.00058,5,5.369298184,4.328659078,0.007385963688
0.000582,5,5.358852707,4.31430497,0.00717705414
0.000584,5,5.348372681,4.300370063,0.006967453617
0.000586,5,5.33786261,4.286855558,0.006757252206
0.000588,5,5.327326965,4.27376248,0.006546539309
0.00059,5,5.31677018,4.261091673,0.006335403608
0.000592,5,5.306196652,4.248843806,0.006123933039
0.000594,5,5.295610738,4.237019377,0.005912214766
0.000596,5,5.285016758,4.225618707,0.005700335156
0.000598,5,5.274418987,4.214641947,0.005488379748
0.0006,5,5.263821662,4.204089081,0.005276433232
0.000602,5,5.253228971,4.193959922,0.005064579422
0.000604,5,5.242645062,4.184254119,0.004852901234
0.000606,5,5.232074033,4.174971158,0.004641480659
0.000608,5,5.221519937,4.166110361,0.004430398743
0.00061,5,5.210986778,4.157670889,0.004219735565
0.000612,5,5.200478511,4.149651749,0.004009570213
0.000614,5,5.189999038,4.142051787,0.003799980763
0.000616,5,5.179552213,4.134869699,0.00359104426
0.000618,5,5.169141835,4.128104026,0.003382836698
0.00062,5,5.15877165,4.12175316,0.003175433
0.000622,5,5.14844535,4.115815346,0.002968906999
0.000624,5,5.138166571,4.110288683,0.002763331422
0.000626,5,5.127938893,4.105171127,0.002558777868
0.000628,5,5.11776584,4.100460493,0.002355316799
0.00063,5,5.107650876,4.096154458,0.002153017516
0.000632,5,5.097597407,4.092250562,0.001951948147
0.000634,5,5.087608782,4.088746211,0.001752175632
0.000636,5,5.077688286,4.085638679,0.001553765711
0.000638,5,5.067839145,4.082925114,0.001356782905
0.00064,5,5.058064525,4.080602533,0.001161290506
0.000642,5,5.048367528,4.078667831,0.0009673505668
0.000644,5,5.038751194,4.077117784,0.0007750238847
0.000646,5,5.0292185,4.075949044,0.0005843699935
0.000648,5,5.019772358,4.075158149,0.0003954471519
0.00065,5,5.010415617,4.074741525,0.0002083123335
0.000652,5,5.001151061,4.074695482,2.302121776e-05
0.000654,5,4.991981409,4.075016226,-0.0001603718189
0.000656,5,4.982909314,4.075699853,-0.0003418137111
0.000658,5,4.973937364,4.076742359,-0.0005212527122
0.00066,5,4.96506808,4.078139636,-0.0006986384011
0.000662,5,4.956303916,4.079887479,-0.0008739216884
0.000664,5,4.947647259,4.081981589,-0.001047054823
0.000666,5,4.93910043,4.084417571,-0.001217991394
0.000668,5,4.930665683,4.087190944,-0.001386686342
0.00067,5,4.922345202,4.090297136,-0.001553095955
0.000672,5,4.914141106,4.093731492,-0.001717177878
0.000674,5,4.906055444,4.097489274,-0.001878891112
0.000676,5,4.898090199,4.101565666,-0.002038196019
0.000678,5,4.890247284,4.105955775,-0.002195054321
0.00068,5,4.882528545,4.110654633,-0.002349429103
0.000682,5,4.874935759,4.115657202,-0.002501284815
0.000684,5,4.867470637,4.120958377,-0.002650587266
0.000686,5,4.860134818,4.126552984,-0.002797303633
0.000688,5,4.852929877,4.132435789,-0.002941402451
0.00069,5,4.845857319,4.138601496,-0.003082853616
0.000692,5,4.838918581,4.145044753,-0.003221628381
0.000694,5,4.832115032,4.151760152,-0.003357699357
0.000696,5,4.825447975,4.158742233,-0.003491040506
0.000698,5,4.818918643,4.165985487,-0.003621627137
0.0007,5,4.812528205,4.173484359,-0.003749435906
0.000702,5,4.80627776,4.181233249,-0.003874444808
0.000704,5,4.800168341,4.189226515,-0.003996633173
0.000706,5,4.794200917,4.197458478,-0.004115981661
0.000708,5,4.788376387,4.205923423,-0.004232472254
0.00071,5,4.782695587,4.214615599,-0.004346088252
0.000712,5,4.777159287,4.223529228,-0.004456814263
0.000714,5,4.77176819,4.2326585,-0.004564636201
0.000716,5,4.766522936,4.241997583,-0.004669541272
0.000718,5,4.761424102,4.251540619,-0.004771517969
0.00072,5,4.756472197,4.261281731,-0.004870556062
0.000722,5,4.75166767,4.271215024,-0.004966646591
0.000724,5,4.747010907,4.281334588,-0.005059781855
0.000726,5,4.74250223,4.291634498,-0.005149955401
0.000728,5,4.738141899,4.302108823,-0.005237162017
0.00073,5,4.733930114,4.312751618,-0.005321397716
0.000732,5,4.729867013,4.323556937,-0.005402659731
0.000734,5,4.725952675,4.33451883,-0.0054809465
0.000736,5,4.722187117,4.345631346,-0.005556257654
0.000738,5,4.7185703,4.356888534,-0.005628594008
0.00074,5,4.715102123,4.368284449,-0.005697957542
0.000742,5,4.71178243,4.379813152,-0.005764351398
0.000744,5,4.708611007,4.391468711,-0.005827779857
0.000746,5,4.705587583,4.403245208,-0.005888248332
0.000748,5,4.702711832,4.415136735,-0.005945763352
0.00075,5,4.699983373,4.4271374,-0.006000332547
0.000752,5,4.697401768,4.439241329,-0.006051964634
0.000754,5,4.69496653,4.451442668,-0.006100669407
0.000756,5,4.692677114,4.463735583,-0.006146457713
0.000758,5,4.690532928,4.476114266,-0.006189341445
0.00076,5,4.688533324,4.488572933,-0.006229333523
0.000762,5,4.686677606,4.501105829,-0.006266447879
0.000764,5,4.684965028,4.513707228,-0.006300699439
0.000766,5,4.683394794,4.526371436,-0.00633210411
0.000768,5,4.681966062,4.539092794,-0.006360678764
0.00077,5,4.680677939,4.551865676,-0.006386441217
0.000772,5,4.679529489,4.564684496,-0.006409410215
0.000774,5,4.678519729,4.577543707,-0.00642960542
0.000776,5,4.677647631,4.590437802,-0.006447047385
0.000778,5,4.676912123,4.603361317,-0.006461757546
0.00078,5,4.67631209,4.616308834,-0.006473758198
0.000782,5,4.675846376,4.629274979,-0.006483072477
0.000784,5,4.675513783,4.642254427,-0.006489724348
0.000786,5,4.675313071,4.655241904,-0.006493738582
0.000788,5,4.675242963,4.668232186,-0.006495140737
0.00079,5,4.675302143,4.6812201,-0.006493957146
0.000792,5,4.675489255,4.69420053,-0.006490214891
0.000794,5,4.67580291,4.707168414,-0.00648394179
0.000796,5,4.676241681,4.720118746,-0.006475166377
0.000798,5,4.676804106,4.733046582,-0.006463917882
0.0008,5,4.677488689,4.745947034,-0.006450226213
0.000802,5,4.678293903,4.758815278,-0.006434121938
0.000804,5,4.679218187,4.771646551,-0.006415636265
0.000806,5,4.680259949,4.784436153,-0.006394801024
0.000808,5,4.681417568,4.79717945,-0.006371648648
0.00081,5,4.682689392,4.809871875,-0.006346212151
0.000812,5,4.684073744,4.822508925,-0.006318525115
0.000814,5,4.685568917,4.835086168,-0.006288621665
0.000816,5,4.687173177,4.847599241,-0.006256536452
0.000818,5,4.688884768,4.86004385,-0.006222304636
0.00082,5,4.690701907,4.872415774,-0.006185961862
0.000822,5,4.692622788,4.884710862,-0.006147544247
0.000824,5,4.694645582,4.896925039,-0.006107088356
0.000826,5,4.696768441,4.909054302,-0.006064631184
0.000828,5,4.698989493,4.921094722,-0.006020210138
0.00083,5,4.701306849,4.933042448,-0.005973863018
0.000832,5,4.7037186,4.944893704,-0.005925627998
0.000834,5,4.70622282,4.956644791,-0.005875543603
0.000836,5,4.708817565,4.968292088,-0.005823648699
0.000838,5,4.711500877,4.979832053,-0.005769982463
0.00084,5,4.714270781,4.991261222,-0.005714584375
0.000842,5,4.71712529,5.002576211,-0.005657494191
0.000844,5,4.720062404,5.013773714,-0.005598751929
0.000846,5,4.723080108,5.02485051,-0.005538397848
0.000848,5,4.726176378,5.035803455,-0.005476472433
0.00085,5,4.729349181,5.046629488,-0.005413016372
0.000852,5,4.732596473,5.057325629,-0.005348070541
0.000854,5,4.735916201,5.067888981,-0.005281675985
0.000856,5,4.739306305,5.078316729,-0.0052138739
0.000858,5,4.742764719,5.08860614,-0.005144705616
0.00086,5,4.746289371,5.098754565,-0.005074212577
0.000862,5,4.749878184,5.108759438,-0.005002436326
0.000864,5,4.753529076,5.118618275,-0.004929418487
0.000866,5,4.757239963,5.128328676,-0.004855200744
0.000868,5,4.761008758,5.137888326,-0.00477982483
0.00087,5,4.764833375,5.147294991,-0.004703332507
0.000872,5,4.768711723,5.156546522,-0.004625765547
0.000874,5,4.772641714,5.165640853,-0.00454716572
0.000876,5,4.776621261,5.174576003,-0.004467574771
0.000878,5,4.780648279,5.183350072,-0.004387034413
0.00088,5,4.784720685,5.191961244,-0.004305586301
0.000882,5,4.788836399,5.200407788,-0.004223272023
0.000884,5,4.792993346,5.208688054,-0.004140133081
0.000886,5,4.797189456,5.216800476,-0.004056210877
0.000888,5,4.801422665,5.22474357,-0.003971546697
0.00089,5,4.805690915,5.232515933,-0.003886181693
0.000892,5,4.809992156,5.240116247,-0.003800156875
0.000894,5,4.814324346,5.247543273,-0.003713513089
0.000896,5,4.81868545,5.254795855,-0.003626291008
0.000898,5,4.823073444,5.261872917,-0.003538531114
0.0009,5,4.827486316,5.268773465,-0.003450273684
0.000902,5,4.831922061,5.275496582,-0.00336155878
0.000904,5,4.836378688,5.282041435,-0.003272426231
0.000906,5,4.840854219,5.288407266,-0.003182915621
0.000908,5,4.845346686,5.294593398,-0.003093066279
0.00091,5,4.849854137,5.300599233,-0.00300291726
0.000912,5,4.854374633,5.306424248,-0.002912507337
0.000914,5,4.858906251,5.312067997,-0.002821874987
0.000916,5,4.863447081,5.317530114,-0.002731058381
0.000918,5,4.867995232,5.322810305,-0.002640095366
0.00092,5,4.872548827,5.327908352,-0.002549023461
0.000922,5,4.877106008,5.332824112,-0.00245787984
0.000924,5,4.881664934,5.337557514,-0.002366701324
0.000926,5,4.886223782,5.342108563,-0.002275524368
0.000928,5,4.890780747,5.346477333,-0.002184385051
0.00093,5,4.895334047,5.350663971,-0.002093319066
0.000932,5,4.899881915,5.354668695,-0.00200236171
0.000934,5,4.904422606,5.35849179,-0.001911547873
0.000936,5,4.908954399,5.362133614,-0.00182091203
0.000938,5,4.913475589,5.365594591,-0.00173048823
0.00094,5,4.917984496,5.368875211,-0.001640310086
0.000942,5,4.922479461,5.371976033,-0.001550410772
0.000944,5,4.92695885,5.374897679,-0.001460823006
0.000946,5,4.931421048,5.377640837,-0.001371579049
0.000948,5,4.935864465,5.380206258,-0.00128271069
0.00095,5,4.940287538,5.382594757,-0.001194249246
0.000952,5,4.944688723,5.384807208,-0.001106225549
0.000954,5,4.949066503,5.386844548,-0.00101866994
0.000956,5,4.953419387,5.388707772,-0.0009316122633
0.000958,5,4.957745907,5.390397936,-0.0008450818575
0.00096,5,4.962044622,5.391916151,-0.0007591075518
0.000962,5,4.966314117,5.393263586,-0.000673717658
0.000964,5,4.970553002,5.394441466,-0.0005889399651
0.000966,5,4.974759913,5.39545107,-0.0005048017339
0.000968,5,4.978933515,5.396293729,-0.0004213296911
0.00097,5,4.983072499,5.396970829,-0.0003385500251
0.000972,5,4.987175581,5.397483806,-0.0002564883801
0.000974,5,4.991241507,5.397834146,-0.0001751698525
0.000976,5,4.995269051,5.398023384,-9.461898593e-05
0.000978,5,4.999257012,5.398053103,-1.485976764e-05
0.00098,5,5.003204219,5.397924934,6.408437546e-05
0.000982,5,5.007109529,5.397640553,0.0001421905803
0.000984,5,5.010971828,5.39720168,0.0002194365508
0.000986,5,5.014790028,5.396610079,0.000295800561
0.000988,5,5.018563073,5.395867556,0.0003712614576
0.00099,5,5.022289933,5.394975959,0.0004457986627
0.000992,5,5.025969609,5.393937174,0.0005193921758
0.000994,5,5.029601129,5.392753129,0.0005920225759
0.000996,5,5.033183551,5.391425787,0.000663671023
0.000998,5,5.036715963,5.389957149,0.0007343192602
0.001,5,5.040197481,5.388349249,0.0008039496139
0.001002,5,5.04362725,5.386604159,0.0008725449958
0.001004,5,5.047004445,5.384723982,0.0009400889031
0.001006,5,5.050328271,5.382710851,0.001006565419
0.001008,5,5.053597961,5.380566932,0.001071959213
0.00101,5,5.056812777,5.378294421,0.001136255542
0.001012,5,5.059972012,5.375895541,0.001199440248
0.001014,5,5.063074988,5.373372541,0.001261499759
0.001016,5,5.066121054,5.370727699,0.001322421087
0.001018,5,5.069109592,5.367963315,0.001382191832
0.00102,5,5.072040009,5.365081715,0.001440800173
0.001022,5,5.074911744,5.362085245,0.001498234874
0.001024,5,5.077724264,5.358976275,0.001554485276
0.001026,5,5.080477065,5.355757192,0.001609541301
0.001028,5,5.083169672,5.352430405,0.001663393448
0.00103,5,5.085801639,5.34899834,0.001716032788
0.001032,5,5.088372548,5.345463438,0.001767450966
0.001034,5,5.09088201,5.341828157,0.001817640195
0.001036,5,5.093329663,5.338094971,0.001866593257
0.001038,5,5.095715175,5.334266364,0.001914303495
0.00104,5,5.098038241,5.330344834,0.001960764813
0.001042,5,5.100298584,5.326332891,0.002005971675
0.001044,5,5.102495955,5.322233053,0.002049919095
0.001046,5,5.104630132,5.318047847,0.002092602638
0.001048,5,5.106700921,5.313779811,0.002134018416
0.00105,5,5.108708154,5.309431484,0.002174163082
0.001052,5,5.110651691,5.305005417,0.002213033827
0.001054,5,5.112531419,5.30050416,0.002250628375
0.001056,5,5.114347249,5.29593027,0.002286944979
0.001058,5,5.116099121,5.291286305,0.002321982416
0.00106,5,5.117786999,5.286574825,0.002355739981
0.001062,5,5.119410874,5.28179839,0.002388217484
0.001064,5,5.120970762,5.27695956,0.002419415244
0.001066,5,5.122466704,5.272060892,0.002449334081
0.001068,5,5.123898766,5.267104941,0.002477975317
0.00107,5,5.125267038,5.262094259,0.002505340761
0.001072,5,5.126571636,5.257031394,0.002531432712
0.001074,5,5.127812698,5.251918886,0.00255625395
0.001076,5,5.128990386,5.246759271,0.002579807727
0.001078,5,5.130104888,5.241555075,0.002602097764
0.00108,5,5.131156412,5.236308819,0.002623128246
0.001082,5,5.13214519,5.231023011,0.00264290381
0.001084,5,5.133071477,5.225700152,0.002661429545
0.001086,5,5.133935549,5.22034273,0.002678710981
0.001088,5,5.134737704,5.214953222,0.002694754084
0.00109,5,5.135478263,5.209534091,0.00270956525
0.001092,5,5.136157565,5.204087789,0.002723151295
0.001094,5,5.136775973,5.19861675,0.00273551945
0.001096,5,5.137333868,5.193123395,0.002746677356
0.001098,5,5.137831653,5.187610129,0.002756633051
0.0011,5,5.138269748,5.182079339,0.002765394969
0.001102,5,5.138648596,5.176533395,0.002772971929
0.001104,5,5.138968656,5.170974649,0.002779373128
0.001106,5,5.139230407,5.165405433,0.002784608133
0.001108,5,5.139434344,5.159828059,0.002788686876
0.00111,5,5.139580982,5.15424482,0.002791619643
0.001112,5,5.139670853,5.148657986,0.00279341707
0.001114,5,5.139704506,5.143069805,0.00279409013
0.001116,5,5.139682506,5.137482505,0.002793650129
0.001118,5,5.139605435,5.131898288,0.0027921087
0.00112,5,5.139473889,5.126319332,0.002789477788
0.001122,5,5.139288483,5.120747793,0.00278576965
0.001124,5,5.139049842,5.115185799,0.002780996842
0.001126,5,5.138758611,5.109635455,0.002775172211
0.001128,5,5.138415444,5.104098837,0.002768308889
0.00113,5,5.138021014,5.098577996,0.002760420285
0.001132,5,5.137576004,5.093074956,0.002751520076
0.001134,5,5.13708111,5.087591712,0.002741622196
0.001136,5,5.136537042,5.08213023,0.002730740834
0.001138,5,5.135944521,5.076692449,0.00271889042
0.00114,5,5.135304281,5.071280278,0.002706085619
0.001142,5,5.134617066,5.065895595,0.002692341325
0.001144,5,5.133883632,5.06054025,0.002677672648
0.001146,5,5.133104746,5.05521606,0.002662094911
0.001148,5,5.132281182,5.049924813,0.002645623637
0.00115,5,5.131413727,5.044668264,0.002628274545
0.001152,5,5.130503177,5.039448137,0.002610063537
0.001154,5,5.129550335,5.034266123,0.002591006694
0.001156,5,5.128556013,5.029123883,0.002571120268
0.001158,5,5.127521033,5.024023042,0.00255042067
0.00116,5,5.126446223,5.018965193,0.002528924464
0.001162,5,5.125332418,5.013951896,0.002506648359
0.001164,5,5.12418046,5.008984677,0.002483609203
0.001166,5,5.122991198,5.00406503,0.002459823969
0.001168,5,5.121765488,4.99919441,0.002435309754
0.00117,5,5.120504188,4.994374242,0.002410083764
0.001172,5,5.119208166,4.989605916,0.002384163314
0.001174,5,5.117878291,4.984890784,0.002357565813
0.001176,5,5.116515438,4.980230167,0.002330308759
0.001178,5,5.115120487,4.975625347,0.002302409731
0.00118,5,5.113694319,4.971077574,0.002273886382
0.001182,5,5.112237822,4.966588062,0.00224475643
0.001184,5,5.110751883,4.962157986,0.002215037651
0.001186,5,5.109237394,4.957788491,0.00218474787
0.001188,5,5.107695248,4.953480681,0.002153904957
0.00119,5,5.106126341,4.949235627,0.002122526814
0.001192,5,5.104531569,4.945054364,0.002090631373
0.001194,5,5.102911829,4.940937891,0.002058236586
0.001196,5,5.101268021,4.93688717,0.002025360416
0.001198,5,5.099601042,4.932903129,0.001992020833
0.0012,5,5.09791179,4.928986657,0.001958235806
0.001202,5,5.096201165,4.92513861,0.001924023295
0.001204,5,5.094470062,4.921359808,0.001889401245
0.001206,5,5.092719379,4.917651033,0.001854387575
0.001208,5,5.090950009,4.914013032,0.00181900018
0.00121,5,5.089162846,4.910446519,0.001783256915
0.001212,5,5.08735878,4.906952167,0.001747175592
0.001214,5,5.085538699,4.903530619,0.001710773976
0.001216,5,5.083703489,4.90018248,0.001674069774
0.001218,5,5.081854032,4.896908319,0.001637080632
0.00122,5,5.079991206,4.89370867,0.001599824125
0.001222,5,5.078115888,4.890584035,0.001562317754
0.001224,5,5.076228947,4.887534877,0.00152457894
0.001226,5,5.074331251,4.884561627,0.001486625015
0.001228,5,5.072423661,4.881664681,0.001448473219
0.00123,5,5.070507035,4.878844399,0.001410140692
0.001232,5,5.068582223,4.87610111,0.00137164447
0.001234,5,5.066650074,4.873435107,0.001333001476
0.001236,5,5.064711426,4.87084665,0.001294228521
0.001238,5,5.062767115,4.868335966,0.001255342291
0.00124,5,5.060817967,4.865903247,0.001216359347
0.001242,5,5.058864806,4.863548655,0.001177296117
0.001244,5,5.056908445,4.861272317,0.001138168891
0.001246,5,5.054949691,4.859074329,0.001098993819
0.001248,5,5.052989345,4.856954755,0.001059786901
0.00125,5,5.051028199,4.854913628,0.001020563987
0.001252,5,5.049067038,4.852950946,0.0009813407683
0.001254,5,5.047106639,4.85106668,0.0009421327767
0.001256,5,5.045147769,4.84926077,0.0009029553768
0.001258,5,5.043191188,4.847533122,0.0008638237636
0.00126,5,5.041237648,4.845883616,0.0008247529573
0.001262,5,5.03928789,4.844312101,0.0007857577994
0.001264,5,5.037342647,4.842818395,0.0007468529489
0.001266,5,5.035402644,4.841402289,0.0007080528779
0.001268,5,5.033468593,4.840063545,0.0006693718682
0.00127,5,5.0315412,4.838801897,0.0006308240076
0.001272,5,5.029621159,4.837617051,0.0005924231859
0.001274,5,5.027709155,4.836508685,0.0005541830919
0.001276,5,5.02580586,4.83547645,0.0005161172099
0.001278,5,5.023911941,4.834519973,0.0004782388162
0.00128,5,5.022028049,4.833638851,0.0004405609766
0.001282,5,5.020154827,4.832832658,0.0004030965427
0.001284,5,5.018292907,4.832100941,0.0003658581494
0.001286,5,5.016442911,4.831443225,0.0003288582123
0.001288,5,5.014605446,4.830859007,0.0002921089244
0.00129,5,5.012781113,4.830347762,0.0002556222544
0.001292,5,5.010970497,4.829908943,0.0002194099435
0.001294,5,5.009174175,4.829541976,0.0001834835036
0.001296,5,5.007392711,4.829246267,0.0001478542148
0.001298,5,5.005626656,4.829021201,0.0001125331238
0.0013,5,5.003876552,4.828866139,7.753104114e-05
0.001302,5,5.002142927,4.828780422,4.285854009e-05
0.001304,5,5.000426298,4.82876337,8.525954516e-06
0.001306,5,4.998727169,4.828814283,-2.545662264e-05
0.001308,5,4.997046033,4.828932442,-5.907934088e-05
0.00131,5,4.99538337,4.829117107,-9.233259355e-05
0.001312,5,4.993739649,4.829367521,-0.0001252070192
0.001314,5,4.992115325,4.829682908,-0.0001576935025
0.001316,5,4.990510841,4.830062474,-0.0001897831759
0.001318,5,4.988926629,4.830505409,-0.0002214674199
0.00132,5,4.987363107,4.831010885,-0.0002527378642
0.001322,5,4.985820681,4.831578058,-0.0002835863888
0.001324,5,4.984299744,4.832206068,-0.000314005124
0.001326,5,4.982800677,4.832894041,-0.0003439864513
0.001328,5,4.98132385,4.833641087,-0.0003735230039
0.00133,5,4.979869617,4.834446302,-0.0004026076668
0.001332,5,4.978438321,4.835308769,-0.0004312335771
0.001334,5,4.977030294,4.836227558,-0.0004593941244
0.001336,5,4.975645852,4.837201723,-0.0004870829502
0.001338,5,4.974285303,4.838230311,-0.0005142939484
0.00134,5,4.972948937,4.839312354,-0.000541021265
0.001342,5,4.971637035,4.840446873,-0.0005672592975
0.001344,5,4.970349865,4.841632878,-0.000593002695
0.001346,5,4.969087682,4.842869371,-0.0006182463573
0.001348,5,4.967850728,4.844155341,-0.0006429854346
0.00135,5,4.966639234,4.845489772,-0.0006672153269
0.001352,5,4.965453416,4.846871636,-0.000690931683
0.001354,5,4.96429348,4.848299896,-0.0007141303998
0.001356,5,4.963159619,4.849773512,-0.0007368076212
0.001358,5,4.962052013,4.851291431,-0.0007589597376
0.00136,5,4.960970831,4.852852598,-0.0007805833842
0.001362,5,4.959916228,4.854455949,-0.0008016754401
0.001364,5,4.958888349,4.856100415,-0.0008222330269
0.001366,5,4.957887325,4.857784922,-0.0008422535075
0.001368,5,4.956913276,4.859508391,-0.0008617344845
0.00137,5,4.95596631,4.861269738,-0.0008806737988
0.001372,5,4.955046524,4.863067877,-0.0008990695281
0.001374,5,4.954154001,4.864901717,-0.0009169199848
0.001376,5,4.953288814,4.866770165,-0.0009342237147
0.001378,5,4.952451025,4.868672124,-0.000950979495
0.00138,5,4.951640683,4.870606496,-0.0009671863324
0.001382,5,4.950857827,4.872572183,-0.0009828434611
0.001384,5,4.950102483,4.874568084,-0.0009979503409
0.001386,5,4.949374667,4.876593097,-0.001012506655
0.001388,5,4.948674385,4.878646122,-0.001026512307
0.00139,5,4.948001629,4.880726057,-0.001039967422
0.001392,5,4.947356383,4.882831801,-0.001052872338
0.001394,5,4.946738619,4.884962257,-0.001065227611
0.001396,5,4.9461483,4.887116325,-0.001077034006
0.001398,5,4.945585375,4.88929291,-0.001088292499
0.0014,5,4.945049786,4.891490918,-0.001099004272
0.001402,5,4.944541464,4.89370926,-0.001109170713
0.001404,5,4.94406033,4.895946846,-0.00111879341
0.001406,5,4.943606293,4.898202595,-0.001127874149
0.001408,5,4.943179254,4.900475425,-0.001136414915
0.00141,5,4.942779106,4.90276426,-0.001144417884
0.001412,5,4.942405729,4.905068031,-0.001151885424
0.001414,5,4.942058996,4.907385671,-0.001158820089
0.001416,5,4.941738769,4.909716121,-0.001165224619
0.001418,5,4.941444903,4.912058325,-0.001171101934
0.00142,5,4.941177243,4.914411235,-0.001176455136
0.001422,5,4.940935625,4.91677381,-0.001181287499
0.001424,5,4.940719876,4.919145015,-0.001185602471
0.001426,5,4.940529816,4.921523822,-0.00118940367
0.001428,5,4.940365256,4.923909212,-0.001192694879
0.00143,5,4.940225998,4.926300172,-0.001195480044
0.001432,5,4.940111836,4.928695698,-0.001197763272
0.001434,5,4.940022559,4.931094796,-0.001199548824
0.001436,5,4.939957944,4.933496478,-0.001200841118
0.001438,5,4.939917764,4.935899768,-0.001201644717
0.00144,5,4.939901783,4.938303696,-0.001201964334
0.001442,5,4.939909759,4.940707306,-0.001201804825
0.001444,5,4.939941441,4.943109648,-0.001201171183
0.001446,5,4.939996573,4.945509786,-0.001200068541
0.001448,5,4.940074892,4.94790679,-0.001198502161
0.00145,5,4.940176128,4.950299745,-0.001196477438
0.001452,5,4.940300006,4.952687745,-0.00119399989
0.001454,5,4.940446242,4.955069895,-0.001191075159
0.001456,5,4.94061455,4.957445313,-0.001187709007
0.001458,5,4.940804635,4.959813127,-0.001183907308
0.00146,5,4.941016197,4.96217248,-0.001179676052
0.001462,5,4.941248933,4.964522522,-0.001175021334
0.001464,5,4.941502532,4.966862421,-0.001169949356
0.001466,5,4.941776679,4.969191354,-0.001164466421
0.001468,5,4.942071054,4.971508512,-0.00115857893
0.00147,5,4.942385331,4.973813098,-0.001152293376
0.001472,5,4.942719183,4.976104331,-0.001145616346
0.001474,5,4.943072274,4.97838144,-0.001138554513
0.001476,5,4.943444268,4.980643669,-0.001131114633
0.001478,5,4.943834823,4.982890276,-0.001123303542
0.00148,5,4.944243592,4.985120533,-0.001115128154
0.001482,5,4.944670227,4.987333724,-0.001106595455
0.001484,5,4.945114375,4.989529149,-0.0010977125
0.001486,5,4.945575679,4.991706122,-0.001088486412
0.001488,5,4.946053781,4.99386397,-0.001078924374
0.00149,5,4.946548318,4.996002038,-0.00106903363
0.001492,5,4.947058926,4.99811968,-0.001058821479
0.001494,5,4.947585236,5.000216271,-0.001048295272
0.001496,5,4.94812688,5.002291196,-0.001037462409
0.001498,5,4.948683483,5.004343857,-0.001026330334
0.0015,5,4.949254673,5.00637367,-0.001014906535
0.001502,5,4.949840073,5.008380067,-0.001003198537
0.001504,5,4.950439305,5.010362494,-0.0009912138986
0.001506,5,4.951051989,5.012320415,-0.0009789602135
0.001508,5,4.951677745,5.014253305,-0.0009664451015
0.00151,5,4.95231619,5.016160658,-0.0009536762079
0.001512,5,4.95296694,5.01804198,-0.0009406611999
0.001514,5,4.953629612,5.019896795,-0.0009274077632
0.001516,5,4.95430382,5.021724643,-0.0009139235987
0.001518,5,4.954989179,5.023525075,-0.0009002164194
0.00152,5,4.955685303,5.025297663,-0.0008862939473
0.001522,5,4.956391805,5.027041991,-0.0008721639099
0.001524,5,4.957108298,5.028757659,-0.0008578340377
0.001526,5,4.957834397,5.030444283,-0.0008433120604
0.001528,5,4.958569715,5.032101495,-0.0008286057044
0.00153,5,4.959313866,5.03372894,-0.0008137226895
0.001532,5,4.960066464,5.035326282,-0.0007986707259
0.001534,5,4.960827124,5.036893197,-0.0007834575115
0.001536,5,4.961595464,5.038429378,-0.0007680907286
0.001538,5,4.962371098,5.039934534,-0.0007525780413
0.00154,5,4.963153645,5.041408388,-0.0007369270927
0.001542,5,4.963942725,5.042850679,-0.0007211455018
0.001544,5,4.964737957,5.044261161,-0.000705240861
0.001546,5,4.965538963,5.045639603,-0.0006892207331
0.001548,5,4.966345368,5.046985788,-0.0006730926491
0.00155,5,4.967156795,5.048299516,-0.0006568641048
0.001552,5,4.967972872,5.049580601,-0.000640542559
0.001554,5,4.968793228,5.050828872,-0.0006241354303
0.001556,5,4.969617495,5.052044172,-0.0006076500949
0.001558,5,4.970445306,5.05322636,-0.000591093884
0.00156,5,4.971276296,5.054375308,-0.0005744740816
0.001562,5,4.972110104,5.055490904,-0.0005577979216
0.001564,5,4.972946371,5.056573049,-0.0005410725859
0.001566,5,4.97378474,5.05762166,-0.0005243052019
0.001568,5,4.974624858,5.058636665,-0.0005075028405
0.00157,5,4.975466374,5.05961801,-0.0004906725133
0.001572,5,4.976308941,5.060565653,-0.0004738211711
0.001574,5,4.977152215,5.061479564,-0.0004569557012
0.001576,5,4.977995854,5.06235973,-0.000440082926
0.001578,5,4.97883952,5.063206149,-0.0004232096002
0.00158,5,4.97968288,5.064018834,-0.0004063424093
0.001582,5,4.980525602,5.06479781,-0.0003894879677
0.001584,5,4.981367359,5.065543115,-0.0003726528164
0.001586,5,4.982207829,5.066254802,-0.0003558434217
0.001588,5,4.983046691,5.066932935,-0.0003390661731
0.00159,5,4.983883631,5.067577589,-0.0003223273814
0.001592,5,4.984718336,5.068188856,-0.0003056332774
0.001594,5,4.985550499,5.068766836,-0.0002889900101
0.001596,5,4.986379818,5.069311643,-0.000272403645
0.001598,5,4.987205992,5.069823404,-0.0002558801626
0.0016,5,4.988028727,5.070302255,-0.0002394254571
0.001602,5,4.988847733,5.070748345,-0.0002230453348
0.001604,5,4.989662724,5.071161836,-0.0002067455124
0.001606,5,4.990473419,5.071542899,-0.0001905316163
0.001608,5,4.991279541,5.071891718,-0.000174409181
0.00161,5,4.992080818,5.072208485,-0.0001583836475
0.001612,5,4.992876982,5.072493406,-0.0001424603627
0.001614,5,4.993667771,5.072746695,-0.0001266445779
0.001616,5,4.994452928,5.072968578,-0.0001109414478
0.001618,5,4.995232199,5.07315929,-9.535602954e-05
0.00162,5,4.996005336,5.073319077,-7.989328142e-05
0.001622,5,4.996772097,5.073448193,-6.455806227e-05
0.001624,5,4.997532243,5.073546903,-4.935513039e-05
0.001626,5,4.998285543,5.073615481,-3.428914272e-05
0.001628,5,4.999031767,5.07365421,-1.936465408e-05
0.00163,5,4.999770694,5.073663383,-4.586116373e-06
0.001632,5,5.000502106,5.073643298,1.00421221e-05
0.001634,5,5.001225791,5.073594267,2.45158173e-05
0.001636,5,5.001941542,5.073516605,3.883083004e-05
0.001638,5,5.002649156,5.073410639,5.298312656e-05
0.00164,5,5.003348439,5.073276701,6.696877904e-05
0.001642,5,5.004039198,5.073115133,8.078396607e-05
0.001644,5,5.004721249,5.072926284,9.442497304e-05
0.001646,5,5.00539441,5.072710507,0.0001078881925
0.001648,5,5.006058506,5.072468167,0.0001211701247
0.00165,5,5.006713369,5.072199632,0.0001342673773
0.001652,5,5.007358833,5.071905279,0.0001471766664
0.001654,5,5.007994741,5.071585489,0.0001598948161
0.001656,5,5.008620938,5.071240652,0.0001724187588
0.001658,5,5.009237277,5.070871161,0.0001847455356
0.00166,5,5.009843615,5.070477416,0.0001968722958
0.001662,5,5.010439815,5.070059823,0.0002087962975
0.001664,5,5.011025745,5.069618794,0.0002205149071
0.001666,5,5.01160128,5.069154742,0.0002320255996
0.001668,5,5.012166298,5.06866809,0.0002433259581
0.00167,5,5.012720684,5.068159263,0.000254413674
0.001672,5,5.013264327,5.06762869,0.0002652865465
0.001674,5,5.013797124,5.067076805,0.0002759424827
0.001676,5,5.014318975,5.066504046,0.000286379497
0.001678,5,5.014829786,5.065910855,0.0002965957108
0.00168,5,5.015329468,5.065297676,0.0003065893524
0.001682,5,5.015817938,5.064664958,0.0003163587565
0.001684,5,5.016295118,5.064013154,0.0003259023636
0.001686,5,5.016760936,5.063342716,0.0003352187197
0.001688,5,5.017215324,5.062654103,0.0003443064756
0.00169,5,5.017658219,5.061947775,0.0003531643866
0.001692,5,5.018089566,5.061224192,0.0003617913119
0.001694,5,5.018509311,5.060483819,0.0003701862136
0.001696,5,5.018917408,5.059727123,0.0003783481567
0.001698,5,5.019313815,5.058954571,0.0003862763077
0.0017,5,5.019698497,5.058166631,0.0003939699345
0.001702,5,5.02007142,5.057363774,0.0004014284052
0.001704,5,5.020432559,5.056546471,0.0004086511877
0.001706,5,5.020781892,5.055715196,0.0004156378483
0.001708,5,5.021119403,5.05487042,0.0004223880517
0.00171,5,5.021445078,5.054012617,0.0004289015595
0.001712,5,5.021758911,5.05314226,0.0004351782292
0.001714,5,5.022060901,5.052259824,0.0004412180139
0.001716,5,5.022351048,5.051365782,0.0004470209607
0.001718,5,5.022629361,5.050460608,0.0004525872101
0.00172,5,5.02289585,5.049544774,0.0004579169949
0.001722,5,5.023150532,5.048618752,0.000463010639
0.001724,5,5.023393428,5.047683015,0.0004678685565
0.001726,5,5.023624563,5.046738033,0.0004724912506
0.001728,5,5.023843966,5.045784274,0.0004768793123
0.00173,5,5.024051671,5.044822207,0.0004810334196
0.001732,5,5.024247717,5.043852299,0.000484954336
0.001734,5,5.024432145,5.042875013,0.0004886429095
0.001736,5,5.024605004,5.041890813,0.0004921000713
0.001738,5,5.024766342,5.040900159,0.0004953268348
0.00174,5,5.024916215,5.03990351,0.0004983242939
0.001742,5,5.025054681,5.038901323,0.0005010936224
0.001744,5,5.025181804,5.037894051,0.0005036360719
0.001746,5,5.025297649,5.036882145,0.0005059529712
0.001748,5,5.025402286,5.035866054,0.0005080457247
0.00175,5,5.025495791,5.034846222,0.000509915811
0.001752,5,5.025578239,5.033823093,0.0005115647817
0.001754,5,5.025649713,5.032797104,0.0005129942599
0.001756,5,5.025710297,5.031768692,0.0005142059389
0.001758,5,5.025760079,5.030738289,0.0005152015809
0.00176,5,5.025799151,5.029706323,0.0005159830153
0.001762,5,5.025827607,5.028673219,0.0005165521377
0.001764,5,5.025845545,5.027639397,0.000516910908
0.001766,5,5.025853067,5.026605274,0.0005170613493
0.001768,5,5.025850277,5.025571263,0.0005170055465
0.00177,5,5.025837282,5.024537772,0.0005167456444
0.001772,5,5.025814192,5.023505204,0.0005162838467
0.001774,5,5.025781121,5.022473959,0.0005156224144
0.001776,5,5.025738183,5.021444432,0.0005147636642
0.001778,5,5.025685498,5.020417012,0.0005137099669
0.00178,5,5.025623187,5.019392084,0.0005124637463
0.001782,5,5.025551374,5.01837003,0.0005110274775
0.001784,5,5.025470184,5.017351222,0.000509403685
0.001786,5,5.025379747,5.016336032,0.0005075949421
0.001788,5,5.025280193,5.015324825,0.0005056038683
0.00179,5,5.025171656,5.014317958,0.0005034331287
0.001792,5,5.025054272,5.013315787,0.0005010854318
0.001794,5,5.024928176,5.01231866,0.0004985635286
0.001796,5,5.024793511,5.01132692,0.0004958702105
0.001798,5,5.024650415,5.010340903,0.0004930083081
0.0018,5,5.024499034,5.009360942,0.0004899806896
0.001802,5,5.024339513,5.008387361,0.0004867902593
0.001804,5,5.024171998,5.007420482,0.000483439956
0.001806,5,5.023996638,5.006460616,0.0004799327517
0.001808,5,5.023813582,5.005508073,0.0004762716497
0.00181,5,5.023622984,5.004563153,0.0004724596836
0.001812,5,5.023424996,5.003626154,0.0004684999151
0.001814,5,5.023219772,5.002697363,0.0004643954333
0.001816,5,5.023007468,5.001777064,0.0004601493526
0.001818,5,5.022788241,5.000865534,0.0004557648113
0.00182,5,5.022562249,4.999963044,0.0004512449705
0.001822,5,5.022329651,4.999069858,0.0004465930121
0.001824,5,5.022090607,4.998186234,0.0004418121375
0.001826,5,5.021845278,4.997312423,0.0004369055664
0.001828,5,5.021593827,4.99644867,0.0004318765351
0.00183,5,5.021336415,4.995595213,0.0004267282948
0.001832,5,5.021073206,4.994752285,0.0004214641107
0.001834,5,5.020804363,4.993920111,0.0004160872602
0.001836,5,5.020530052,4.993098908,0.0004106010316
0.001838,5,5.020250436,4.992288891,0.0004050087225
0.00184,5,5.019965682,4.991490264,0.0003993136389
0.001842,5,5.019675955,4.990703226,0.0003935190931
0.001844,5,5.01938142,4.989927969,0.0003876284028
0.001846,5,5.019082244,4.989164679,0.0003816448897
0.001848,5,5.018778594,4.988413535,0.000375571878
0.00185,5,5.018470635,4.98767471,0.000369412693
0.001852,5,5.018158533,4.986948369,0.0003631706601
0.001854,5,5.017842455,4.98623467,0.0003568491032
0.001856,5,5.017522567,4.985533768,0.0003504513433
0.001858,5,5.017199035,4.984845806,0.0003439806975
0.00186,5,5.016872024,4.984170925,0.0003374404778
0.001862,5,5.016541699,4.983509257,0.0003308339894
0.001864,5,5.016208226,4.982860928,0.0003241645297
0.001866,5,5.015871769,4.982226057,0.0003174353873
0.001868,5,5.015532492,4.981604758,0.0003106498405
0.00187,5,5.015190558,4.980997135,0.000303811156
0.001872,5,5.014846129,4.98040329,0.0002969225882
0.001874,5,5.014499369,4.979823316,0.0002899873775
0.001876,5,5.014150437,4.979257298,0.0002830087497
0.001878,5,5.013799496,4.978705318,0.0002759899142
0.00188,5,5.013446703,4.97816745,0.0002689340635
0.001882,5,5.013092219,4.977643761,0.0002618443721
0.001884,5,5.0127362,4.977134313,0.0002547239948
0.001886,5,5.012378803,4.976639161,0.0002475760664
0.001888,5,5.012020185,4.976158354,0.0002404037002
0.00189,5,5.011660499,4.975691934,0.0002332099871
0.001892,5,5.0112999,4.975239938,0.0002259979947
0.001894,5,5.010938538,4.974802396,0.0002187707663
0.001896,5,5.010576566,4.974379334,0.0002115313198
0.001898,5,5.010214132,4.973970768,0.000204282647
0.0019,5,5.009851386,4.973576713,0.0001970277125
0.001902,5,5.009488473,4.973197174,0.0001897694528
0.001904,5,5.009125539,4.972832153,0.0001825107755
0.001906,5,5.008762728,4.972481643,0.0001752545586
0.001908,5,5.008400182,4.972145636,0.0001680036494
0.00191,5,5.008038043,4.971824114,0.0001607608636
0.001912,5,5.007676449,4.971517056,0.000153528985
0.001914,5,5.007315538,4.971224435,0.0001463107644
0.001916,5,5.006955446,4.970946217,0.0001391089186
0.001918,5,5.006596307,4.970682365,0.0001319261302
0.00192,5,5.006238252,4.970432835,0.0001247650467
0.001922,5,5.005881414,4.970197578,0.0001176282795
0.001924,5,5.00552592,4.969976541,0.0001105184038
0.001926,5,5.005171898,4.969769665,0.0001034379573
0.001928,5,5.004819472,4.969576887,9.638944016e-05
0.00193,5,5.004468766,4.969398136,8.93753142e-05
0.001932,5,5.0041199,4.96923334,8.239800215e-05
0.001934,5,5.003772994,4.96908242,7.54598873e-05
0.001936,5,5.003428166,4.968945293,6.856331287e-05
0.001938,5,5.003085529,4.968821872,6.171058152e-05
0.00194,5,5.002745198,4.968712064,5.490395486e-05
0.001942,5,5.002407283,4.968615773,4.814565295e-05
0.001944,5,5.002071893,4.968532897,4.143785389e-05
0.001946,5,5.001739135,4.968463332,3.478269336e-05
0.001948,5,5.001409113,4.968406967,2.818226421e-05
0.00195,5,5.001081931,4.96836369,2.16386161e-05
0.001952,5,5.000757688,4.968333383,1.51537551e-05
0.001954,5,5.000436482,4.968315923,8.729643358e-06
0.001956,5,5.00011841,4.968311187,2.368198781e-06
0.001958,5,4.999803565,4.968319044,-3.928705272e-06
0.00196,5,4.999492038,4.968339363,-1.015924028e-05
0.001962,5,4.999183919,4.968372006,-1.632162281e-05
0.001964,5,4.998879294,4.968416834,-2.241411478e-05
0.001966,5,4.998578249,4.968473704,-2.843502365e-05
0.001968,5,4.998280865,4.96854247,-3.438270265e-05
0.00197,5,4.997987222,4.968622981,-4.025555094e-05
0.001972,5,4.997697399,4.968715085,-4.60520138e-05
0.001974,5,4.997411471,4.968818626,-5.177058274e-05
0.001976,5,4.99712951,4.968933446,-5.740979563e-05
0.001978,5,4.996851588,4.969059382,-6.296823682e-05
0.00198,5,4.996577773,4.969196271,-6.844453718e-05
0.001982,5,4.996308131,4.969343946,-7.383737423e-05
0.001984,5,4.996042726,4.969502237,-7.914547211e-05
0.001986,5,4.99578162,4.969670972,-8.436760165e-05
0.001988,5,4.995524871,4.969849977,-8.950258037e-05
0.00199,5,4.995272536,4.970039076,-9.454927246e-05
0.001992,5,4.995024671,4.970238089,-9.950658876e-05
0.001994,5,4.994781326,4.970446836,-0.0001043734867
0.001996,5,4.994542551,4.970665134,-0.0001091489702
0.001998,5,4.994308396,4.970892798,-0.0001138320896
0.002,5,4.994078903,4.971129642,-0.0001184219418
0.002002,5,4.993854117,4.971375477,-0.0001229176696
0.002004,5,4.993634077,4.971630114,-0.0001273184621
0.002006,5,4.993418822,4.971893361,-0.0001316235543
0.002008,5,4.993208389,4.972165026,-0.0001358322269
0.00201,5,4.99300281,4.972444914,-0.0001399438061
0.002012,5,4.992802117,4.972732829,-0.0001439576637
0.002014,5,4.992606339,4.973028575,-0.0001478732165
0.002016,5,4.992415504,4.973331955,-0.0001516899262
0.002018,5,4.992229635,4.97364277,-0.0001554072993
0.00202,5,4.992048756,4.973960819,-0.0001590248865
0.002022,5,4.991872886,4.974285904,-0.0001625422829
0.002024,5,4.991702044,4.974617822,-0.0001659591271
0.002026,5,4.991536245,4.974956373,-0.0001692751016
0.002028,5,4.991375503,4.975301352,-0.0001724899318
0.00203,5,4.991219831,4.975652559,-0.0001756033861
0.002032,5,4.991069236,4.97600979,-0.0001786152754
0.002034,5,4.990923727,4.976372841,-0.0001815254528
0.002036,5,4.990783309,4.976741508,-0.000184333813
0.002038,5,4.990647985,4.977115589,-0.0001870402923
0.00204,5,4.990517757,4.977494879,-0.0001896448679
0.002042,5,4.990392622,4.977879174,-0.0001921475576
0.002044,5,4.990272579,4.978268271,-0.0001945484193
0.002046,5,4.990157622,4.978661966,-0.0001968475507
0.002048,5,4.990047746,4.979060056,-0.0001990450887
0.00205,5,4.98994294,4.979462338,-0.0002011412089
0.002052,5,4.989843194,4.97986861,-0.0002031361256
0.002054,5,4.989748495,4.980278671,-0.0002050300905
0.002056,5,4.98965883,4.980692317,-0.0002068233931
0.002058,5,4.989574182,4.98110935,-0.0002085163595
0.00206,5,4.989494532,4.981529569,-0.0002101093522
0.002062,5,4.989419862,4.981952774,-0.0002116027696
0.002064,5,4.989350148,4.982378768,-0.0002129970455
0.002066,5,4.989285368,4.982807354,-0.0002142926483
0.002068,5,4.989225496,4.983238334,-0.0002154900807
0.00207,5,4.989170506,4.983671514,-0.0002165898791
0.002072,5,4.989120369,4.984106699,-0.0002175926132
0.002074,5,4.989075056,4.984543697,-0.000218498885
0.002076,5,4.989034534,4.984982315,-0.0002193093287
0.002078,5,4.98899877,4.985422365,-0.0002200246097
0.00208,5,4.988967729,4.985863655,-0.0002206454243
0.002082,5,4.988941375,4.986306,-0.0002211724993
0.002084,5,4.98891967,4.986749214,-0.0002216065906
0.002086,5,4.988902576,4.987193111,-0.0002219484837
0.002088,5,4.98889005,4.987637509,-0.0002221989921
0.00209,5,4.988882052,4.988082226,-0.0002223589572
0.002092,5,4.988878538,4.988527085,-0.0002224292477
0.002094,5,4.988879462,4.988971906,-0.0002224107588
0.002096,5,4.988884779,4.989416515,-0.0002223044117
0.002098,5,4.988894442,4.989860738,-0.0002221111526
0.0021,5,4.988908402,4.990304402,-0.0002218319528
0.002102,5,4.98892661,4.990747337,-0.0002214678073
0.002104,5,4.988949013,4.991189377,-0.0002210197346
0.002106,5,4.988975561,4.991630354,-0.000220488776
0.002108,5,4.9890062,4.992070106,-0.0002198759949
0.00211,5,4.989040876,4.992508471,-0.0002191824759
0.002112,5,4.989079534,4.99294529,-0.0002184093247
0.002114,5,4.989122117,4.993380405,-0.000217557667
0.002116,5,4.989168568,4.993813662,-0.0002166286481
0.002118,5,4.989218828,4.994244909,-0.0002156234319
0.00212,5,4.98927284,4.994673996,-0.0002145432008
0.002122,5,4.989330542,4.995100774,-0.0002133891544
0.002124,5,4.989391875,4.995525099,-0.0002121625096
0.002126,5,4.989456775,4.995946828,-0.000210864499
0.002128,5,4.989525181,4.996365821,-0.0002094963711
0.00213,5,4.989597031,4.996781939,-0.0002080593893
0.002132,5,4.989672258,4.997195049,-0.0002065548312
0.002134,5,4.989750801,4.997605017,-0.0002049839879
0.002136,5,4.989832592,4.998011713,-0.0002033481636
0.002138,5,4.989917566,4.998415011,-0.0002016486747
0.00214,5,4.990005658,4.998814784,-0.0001998868493
0.002142,5,4.990096799,4.999210913,-0.0001980640265
0.002144,5,4.990190922,4.999603276,-0.0001961815558
0.002146,5,4.99028796,4.999991757,-0.0001942407964
0.002148,5,4.990387844,5.000376243,-0.0001922431165
0.00215,5,4.990490505,5.000756623,-0.000190189893
0.002152,5,4.990595874,5.001132788,-0.0001880825102
0.002154,5,4.990703882,5.001504633,-0.00018592236
0.002156,5,4.990814458,5.001872055,-0.0001837108407
0.002158,5,4.990927532,5.002234953,-0.0001814493564
0.00216,5,4.991043034,5.002593232,-0.0001791393168
0.002162,5,4.991160893,5.002946796,-0.0001767821362
0.002164,5,4.991281038,5.003295555,-0.0001743792329
0.002166,5,4.991403399,5.003639419,-0.0001719320289
0.002168,5,4.991527903,5.003978303,-0.0001694419488
0.00217,5,4.991654479,5.004312124,-0.0001669104199
0.002172,5,4.991783056,5.004640801,-0.000164338871
0.002174,5,4.991913563,5.004964259,-0.0001617287319
0.002176,5,4.992045928,5.005282422,-0.0001590814332
0.002178,5,4.99218008,5.005595218,-0.0001563984055
0.00218,5,4.992315946,5.005902581,-0.0001536810786
0.002182,5,4.992453456,5.006204442,-0.0001509308813
0.002184,5,4.992592538,5.006500741,-0.0001481492407
0.002186,5,4.992733121,5.006791416,-0.0001453375817
0.002188,5,4.992875134,5.007076411,-0.0001424973263
0.00219,5,4.993018505,5.00735567,-0.0001396298933
0.002192,5,4.993163165,5.007629144,-0.0001367366975
0.002194,5,4.993309043,5.007896782,-0.0001338191496
0.002196,5,4.993456067,5.008158539,-0.0001308786552
0.002198,5,4.993604169,5.008414373,-0.0001279166145
0.0022,5,4.993753279,5.008664242,-0.0001249344219
0.002202,5,4.993903327,5.008908108,-0.0001219334656
0.002204,5,4.994054244,5.009145939,-0.0001189151266
0.002206,5,4.994205961,5.0093777,-0.0001158807788
0.002208,5,4.994358411,5.009603364,-0.0001128317881
0.00221,5,4.994511524,5.009822903,-0.0001097695124
0.002212,5,4.994665235,5.010036293,-0.0001066953007
0.002214,5,4.994819475,5.010243514,-0.0001036104929
0.002216,5,4.994974179,5.010444547,-0.0001005164192
0.002218,5,4.99512928,5.010639376,-9.741440001e-05
0.00222,5,4.995284713,5.010827988,-9.430574504e-05
0.002222,5,4.995440412,5.011010371,-9.119175329e-05
0.002224,5,4.995596314,5.011186519,-8.807371246e-05
0.002226,5,4.995752355,5.011356424,-8.495289861e-05
0.002228,5,4.995908471,5.011520085,-8.183057576e-05
0.00223,5,4.9960646,5.011677501,-7.870799551e-05
0.002232,5,4.99622068,5.011828674,-7.558639669e-05
0.002234,5,4.99637665,5.011973608,-7.246700499e-05
0.002236,5,4.996532448,5.01211231,-6.93510326e-05
0.002238,5,4.996688016,5.01224479,-6.623967788e-05
0.00224,5,4.996843294,5.012371058,-6.313412505e-05
0.002242,5,4.996998223,5.012491129,-6.00355438e-05
0.002244,5,4.997152746,5.012605019,-5.694508907e-05
0.002246,5,4.997306805,5.012712747,-5.386390067e-05
0.002248,5,4.997460345,5.012814333,-5.079310299e-05
0.00225,5,4.99761331,5.012909801,-4.773380478e-05
0.002252,5,4.997765645,5.012999175,-4.468709879e-05
0.002254,5,4.997917297,5.013082483,-4.165406155e-05
0.002256,5,4.998068212,5.013159755,-3.863575309e-05
0.002258,5,4.998218339,5.013231021,-3.563321671e-05
0.00226,5,4.998367626,5.013296316,-3.264747871e-05
0.002262,5,4.998516023,5.013355675,-2.967954821e-05
0.002264,5,4.998663479,5.013409136,-2.673041684e-05
0.002266,5,4.998809947,5.013456738,-2.380105864e-05
0.002268,5,4.998955379,5.013498523,-2.089242976e-05
0.00227,5,4.999099727,5.013534534,-1.80054683e-05
0.002272,5,4.999242945,5.013564816,-1.514109414e-05
0.002274,5,4.99938499,5.013589416,-1.230020876e-05
0.002276,5,4.999525815,5.013608384,-9.483695032e-06
0.002278,5,4.999665379,5.013621769,-6.69241712e-06
0.00228,5,4.999803639,5.013629623,-3.927220287e-06
0.002282,5,4.999940553,5.013632001,-1.188930777e-06
0.002284,5,5.000076082,5.013628958,1.521644324e-06
0.002286,5,5.000210186,5.01362055,4.203717209e-06
0.002288,5,5.000342826,5.013606837,6.856519464e-06
0.00229,5,5.000473965,5.013587879,9.479302171e-06
0.002292,5,5.000603567,5.013563736,1.207133601e-05
0.002294,5,5.000731596,5.013534472,1.463191132e-05
0.002296,5,5.000858017,5.013500151,1.716033823e-05
0.002298,5,5.000982797,5.01346084,1.965594668e-05
0.0023,5,5.001105904,5.013416603,2.21180865e-05
0.002302,5,5.001227306,5.013367511,2.454612746e-05
0.002304,5,5.001346973,5.013313632,2.693945931e-05
0.002306,5,5.001464875,5.013255037,2.929749184e-05
0.002308,5,5.001580983,5.013191798,3.161965488e-05
0.00231,5,5.00169527,5.013123987,3.390539832e-05
0.002312,5,5.00180771,5.013051679,3.615419215e-05
0.002314,5,5.001918276,5.012974948,3.836552643e-05
0.002316,5,5.002026946,5.01289387,4.05389113e-05
0.002318,5,5.002133694,5.012808522,4.267387695e-05
0.00232,5,5.002238499,5.012718982,4.476997365e-05
0.002322,5,5.002341339,5.012625329,4.682677166e-05
0.002324,5,5.002442193,5.012527641,4.884386123e-05
0.002326,5,5.002541043,5.012425999,5.082085255e-05
0.002328,5,5.002637869,5.012320484,5.275737569e-05
0.00233,5,5.002732654,5.012211178,5.465308054e-05
0.002332,5,5.002825382,5.012098163,5.650763678e-05
0.002334,5,5.002916037,5.011981522,5.832073375e-05
0.002336,5,5.003004604,5.011861337,6.009208043e-05
0.002338,5,5.00309107,5.011737695,6.182140529e-05
0.00234,5,5.003175423,5.011610678,6.350845626e-05
0.002342,5,5.00325765,5.011480372,6.515300059e-05
0.002344,5,5.003337741,5.011346862,6.675482475e-05
0.002346,5,5.003415687,5.011210235,6.831373432e-05
0.002348,5,5.003491478,5.011070575,6.982955387e-05
0.00235,5,5.003565106,5.010927971,7.130212684e-05
0.002352,5,5.003636566,5.010782509,7.273131539e-05
0.002354,5,5.00370585,5.010634275,7.41170003e-05
0.002356,5,5.003772954,5.010483356,7.545908078e-05
0.002358,5,5.003837874,5.010329841,7.675747432e-05
0.00236,5,5.003900606,5.010173817,7.80121166e-05
0.002362,5,5.003961148,5.010015371,7.922296125e-05
0.002364,5,5.004019499,5.009854591,8.038997972e-05
0.002366,5,5.004075658,5.009691565,8.151316111e-05
0.002368,5,5.004129626,5.00952638,8.259251199e-05
0.00237,5,5.004181403,5.009359124,8.36280562e-05
0.002372,5,5.004230992,5.009189884,8.46198347e-05
0.002374,5,5.004278395,5.009018748,8.556790532e-05
0.002376,5,5.004323617,5.008845804,8.647234264e-05
0.002378,5,5.004366662,5.008671137,8.733323771e-05
0.00238,5,5.004407535,5.008494836,8.81506979e-05
0.002382,5,5.004446242,5.008316986,8.892484666e-05
0.002384,5,5.004482791,5.008137675,8.965582333e-05
0.002386,5,5.004517189,5.007956987,9.034378288e-05
0.002388,5,5.004549445,5.007775009,9.098889576e-05
0.00239,5,5.004579567,5.007591826,9.159134757e-05
0.002392,5,5.004607567,5.007407524,9.215133893e-05
0.002394,5,5.004633454,5.007222186,9.26690852e-05
0.002396,5,5.004657241,5.007035896,9.314481623e-05
0.002398,5,5.004678939,5.006848738,9.357877616e-05
0.0024,5,5.004698561,5.006660796,9.397122312e-05
0.002402,5,5.004716121,5.006472151,9.432242905e-05
0.002404,5,5.004731634,5.006282886,9.463267941e-05
0.002406,5,5.004745114,5.006093081,9.490227292e-05
0.002408,5,5.004756576,5.005902818,9.513152134e-05
0.00241,5,5.004766037,5.005712177,9.532074918e-05
0.002412,5,5.004773515,5.005521236,9.547029346e-05
0.002414,5,5.004779025,5.005330075,9.558050344e-05
0.002416,5,5.004782587,5.005138772,9.565174035e-05
0.002418,5,5.004784219,5.004947403,9.568437715e-05
0.00242,5,5.00478394,5.004756045,9.567879822e-05
0.002422,5,5.00478177,5.004564774,9.563539911e-05
0.002424,5,5.004777729,5.004373665,9.55545863e-05
0.002426,5,5.004771839,5.004182792,9.543677688e-05
0.002428,5,5.00476412,5.003992227,9.528239828e-05
0.00243,5,5.004754594,5.003802043,9.509188803e-05
0.002432,5,5.004743285,5.003612312,9.486569344e-05
0.002434,5,5.004730214,5.003423103,9.460427137e-05
0.002436,5,5.004715404,5.003234487,9.43080879e-05
0.002438,5,5.004698881,5.003046532,9.397761808e-05
0.00244,5,5.004680667,5.002859305,9.361334565e-05
0.002442,5,5.004660788,5.002672874,9.321576274e-05
0.002444,5,5.004639268,5.002487303,9.278536961e-05
0.002446,5,5.004616134,5.002302657,9.232267437e-05
0.002448,5,5.00459141,5.002119001,9.182819266e-05
0.00245,5,5.004565122,5.001936396,9.130244743e-05
0.002452,5,5.004537298,5.001754904,9.07459686e-05
0.002454,5,5.004507965,5.001574586,9.015929281e-05
0.002456,5,5.004477148,5.0013955,8.954296313e-05
0.002458,5,5.004444876,5.001217705,8.889752879e-05
0.00246,5,5.004411177,5.001041258,8.822354486e-05
0.002462,5,5.004376079,5.000866214,8.752157204e-05
0.002464,5,5.004339609,5.00069263,8.67921763e-05
0.002466,5,5.004301796,5.000520558,8.603592867e-05
0.002468,5,5.00426267,5.000350051,8.525340491e-05
0.00247,5,5.004222259,5.000181161,8.444518527e-05
0.002472,5,5.004180593,5.000013937,8.361185421e-05
0.002474,5,5.0041377,4.999848429,8.275400008e-05
0.002476,5,5.004093611,4.999684685,8.187221492e-05
0.002478,5,5.004048355,4.999522751,8.096709413e-05
0.00248,5,5.004001962,4.999362672,8.003923623e-05
0.002482,5,5.003954462,4.999204494,7.908924256e-05
0.002484,5,5.003905886,4.999048258,7.811771706e-05
0.002486,5,5.003856263,4.998894008,7.712526597e-05
0.002488,5,5.003805625,4.998741783,7.611249756e-05
0.00249,5,5.003754001,4.998591623,7.50800219e-05
0.002492,5,5.003701423,4.998443566,7.402845058e-05
0.002494,5,5.00364792,4.998297649,7.295839643e-05
0.002496,5,5.003593524,4.998153908,7.187047333e-05
0.002498,5,5.003538265,4.998012378,7.076529588e-05
0.0025,5,5.003482174,4.997873091,6.964347921e-05
0.002502,5,5.003425282,4.997736079,6.850563869e-05
0.002504,5,5.003367619,4.997601375,6.735238971e-05
0.002506,5,5.003309217,4.997469006,6.61843474e-05
0.002508,5,5.003250106,4.997339002,6.500212646e-05
0.00251,5,5.003190317,4.997211389,6.380634083e-05
0.002512,5,5.00312988,4.997086194,6.259760354e-05
0.002514,5,5.003068826,4.996963441,6.137652641e-05
0.002516,5,5.003007186,4.996843153,6.014371985e-05
0.002518,5,5.00294499,4.996725354,5.889979265e-05
0.00252,5,5.002882268,4.996610063,5.764535172e-05
0.002522,5,5.00281905,4.996497301,5.638100189e-05
0.002524,5,5.002755367,4.996387086,5.510734568e-05
0.002526,5,5.002691249,4.996279436,5.38249831e-05
0.002528,5,5.002626726,4.996174367,5.253451144e-05
0.00253,5,5.002561826,4.996071894,5.123652503e-05
0.002532,5,5.002496581,4.995972031,4.993161507e-05
0.002534,5,5.002431018,4.99587479,4.862036942e-05
0.002536,5,5.002365169,4.995780183,4.730337239e-05
0.002538,5,5.00229906,4.995688221,4.598120456e-05
0.00254,5,5.002232722,4.995598912,4.465444257e-05
0.002542,5,5.002166183,4.995512265,4.332365896e-05
0.002544,5,5.002099471,4.995428286,4.198942194e-05
0.002546,5,5.002032615,4.995346981,4.065229528e-05
0.002548,5,5.001965642,4.995268356,3.931283805e-05
0.00255,5,5.00189858,4.995192413,3.797160452e-05
0.002552,5,5.001831457,4.995119154,3.662914393e-05
0.002554,5,5.0017643,4.995048582,3.528600038e-05
0.002556,5,5.001697136,4.994980697,3.394271262e-05
0.002558,5,5.001629991,4.994915497,3.259981392e-05
0.00256,5,5.001562892,4.994852982,3.125783191e-05
0.002562,5,5.001495864,4.994793147,2.991728842e-05
0.002564,5,5.001428935,4.99473599,2.857869934e-05
0.002566,5,5.001362129,4.994681504,2.724257448e-05
0.002568,5,5.001295471,4.994629686,2.590941742e-05
0.00257,5,5.001228986,4.994580526,2.45797254e-05
0.002572,5,5.001162699,4.994534018,2.325398914e-05
0.002574,5,5.001096635,4.994490153,2.193269276e-05
0.002576,5,5.001030816,4.99444892,2.061631366e-05
0.002578,5,5.000965266,4.994410309,1.930532233e-05
0.00258,5,5.000900009,4.994374309,1.800018234e-05
0.002582,5,5.000835068,4.994340906,1.670135012e-05
0.002584,5,5.000770464,4.994310088,1.540927495e-05
0.002586,5,5.00070622,4.994281839,1.412439878e-05
0.002588,5,5.000642358,4.994256145,1.284715617e-05
0.00259,5,5.000578899,4.994232989,1.15779742e-05
0.002592,5,5.000515864,4.994212354,1.031727233e-05
0.002594,5,5.000453273,4.994194223,9.065462378e-06
0.002596,5,5.000391147,4.994178577,7.822948386e-06
0.002598,5,5.000329506,4.994165397,6.590126562e-06
0.0026,5,5.000268369,4.994154662,5.367385197e-06
0.002602,5,5.000207755,4.994146352,4.155104597e-06
0.002604,5,5.000147683,4.994140445,2.953657009e-06
0.002606,5,5.00008817,4.994136918,1.763406564e-06
0.002608,5,5.000029235,4.994135749,5.847092082e-07
0.00261,5,4.999970896,4.994136913,-5.820873469e-07
0.002612,5,4.999913168,4.994140386,-1.736643681e-06
0.002614,5,4.999856069,4.994146143,-2.878628714e-06
0.002616,5,4.999799614,4.994154159,-4.007719748e-06
0.002618,5,4.99974382,4.994164406,-5.123602514e-06
0.00262,5,4.999688701,4.994176858,-6.225971204e-06
0.002622,5,4.999634274,4.994191487,-7.31452851e-06
0.002624,5,4.999580551,4.994208265,-8.38898565e-06
0.002626,5,4.999527547,4.994227163,-9.449062397e-06
0.002628,5,4.999475276,4.994248152,-1.04944871e-05
0.00263,5,4.99942375,4.994271202,-1.152499671e-05
0.002632,5,4.999372983,4.994296283,-1.254033679e-05
0.002634,5,4.999322987,4.994323363,-1.354026151e-05
0.002636,5,4.999273773,4.994352412,-1.45245337e-05
0.002638,5,4.999225354,4.994383398,-1.549292481e-05
0.00264,5,4.999177739,4.994416289,-1.644521493e-05
0.002642,5,4.99913094,4.994451051,-1.738119279e-05
0.002644,5,4.999084967,4.994487652,-1.830065577e-05
0.002646,5,4.99903983,4.994526059,-1.920340983e-05
0.002648,5,4.998995537,4.994566238,-2.00892696e-05
0.00265,5,4.998952097,4.994608154,-2.095805825e-05
0.002652,5,4.99890952,4.994651773,-2.180960756e-05
0.002654,5,4.998867812,4.994697061,-2.264375787e-05
0.002656,5,4.998826982,4.994743981,-2.346035804e-05
0.002658,5,4.998787037,4.9947925,-2.425926542e-05
0.00266,5,4.998747983,4.99484258,-2.504034587e-05
0.002662,5,4.998709826,4.994894187,-2.580347364e-05
0.002664,5,4.998672573,4.994947285,-2.654853143e-05
0.002666,5,4.998636229,4.995001835,-2.727541026e-05
0.002668,5,4.9986008,4.995057803,-2.79840095e-05
0.00267,5,4.998566288,4.995115152,-2.867423676e-05
0.002672,5,4.9985327,4.995173844,-2.934600792e-05
0.002674,5,4.998500038,4.995233842,-2.999924698e-05
0.002676,5,4.998468306,4.99529511,-3.06338861e-05
0.002678,5,4.998437507,4.99535761,-3.124986548e-05
0.00268,5,4.998407643,4.995421304,-3.184713333e-05
0.002682,5,4.998378718,4.995486155,-3.242564579e-05
0.002684,5,4.998350732,4.995552126,-3.29853669e-05
0.002686,5,4.998323687,4.995619179,-3.352626848e-05
0.002688,5,4.998297583,4.995687275,-3.404833012e-05
0.00269,5,4.998272423,4.995756378,-3.455153905e-05
0.002692,5,4.998248205,4.99582645,-3.503589011e-05
0.002694,5,4.998224931,4.995897453,-3.550138566e-05
0.002696,5,4.998202598,4.995969349,-3.59480355e-05
0.002698,5,4.998181207,4.996042101,-3.637585679e-05
0.0027,5,4.998160756,4.99611567,-3.678487395e-05
0.002702,5,4.998141244,4.996190021,-3.717511862e-05
0.002704,5,4.998122669,4.996265114,-3.754662953e-05
0.002706,5,4.998105027,4.996340913,-3.789945243e-05
0.002708,5,4.998088318,4.99641738,-3.823364e-05
0.00271,5,4.998072537,4.996494479,-3.854925175e-05
0.002712,5,4.998057682,4.996572171,-3.884635393e-05
0.002714,5,4.998043749,4.996650421,-3.912501946e-05
0.002716,5,4.998030734,4.996729192,-3.938532776e-05
0.002718,5,4.998018632,4.996808447,-3.962736476e-05
0.00272,5,4.998007439,4.996888149,-3.985122268e-05
0.002722,5,4.99799715,4.996968263,-4.005700003e-05
0.002724,5,4.99798776,4.997048753,-4.024480145e-05
0.002726,5,4.997979263,4.997129582,-4.041473761e-05
0.002728,5,4.997971654,4.997210716,-4.056692512e-05
0.00273,5,4.997964926,4.997292119,-4.070148643e-05
0.002732,5,4.997959073,4.997373756,-4.081854968e-05
0.002734,5,4.997954088,4.997455593,-4.091824865e-05
0.002736,5,4.997949964,4.997537594,-4.100072258e-05
0.002738,5,4.997946694,4.997619726,-4.106611614e-05
0.00274,5,4.997944271,4.997701956,-4.111457923e-05
0.002742,5,4.997942687,4.997784248,-4.114626694e-05
0.002744,5,4.997941933,4.997866571,-4.116133939e-05
0.002746,5,4.997942002,4.997948891,-4.115996163e-05
0.002748,5,4.997942885,4.998031175,-4.114230353e-05
0.00275,5,4.997944573,4.998113392,-4.110853965e-05
0.002752,5,4.997947058,4.99819551,-4.105884914e-05
0.002754,5,4.997950329,4.998277497,-4.09934156e-05
0.002756,5,4.997954379,4.998359322,-4.091242697e-05
0.002758,5,4.997959196,4.998440954,-4.081607543e-05
0.00276,5,4.997964772,4.998522363,-4.070455725e-05
0.002762,5,4.997971096,4.998603519,-4.057807268e-05
0.002764,5,4.997978159,4.998684393,-4.043682586e-05
0.002766,5,4.997985949,4.998764955,-4.028102463e-05
0.002768,5,4.997994456,4.998845177,-4.011088049e-05
0.00277,5,4.99800367,4.99892503,-3.992660843e-05
0.002772,5,4.998013579,4.999004487,-3.972842682e-05
0.002774,5,4.998024172,4.99908352,-3.951655728e-05
0.002776,5,4.998035439,4.999162102,-3.929122458e-05
0.002778,5,4.998047367,4.999240208,-3.905265649e-05
0.00278,5,4.998059946,4.99931781,-3.88010837e-05
0.002782,5,4.998073163,4.999394883,-3.853673965e-05
0.002784,5,4.998087007,4.999471403,-3.825986045e-05
0.002786,5,4.998101466,4.999547344,-3.797068474e-05
0.002788,5,4.998116527,4.999622683,-3.766945355e-05
0.00279,5,4.998132179,4.999697396,-3.735641024e-05
0.002792,5,4.99814841,4.99977146,-3.70318003e-05
0.002794,5,4.998165206,4.999844851,-3.669587131e-05
0.002796,5,4.998182556,4.999917549,-3.634887275e-05
0.002798,5,4.998200447,4.999989531,-3.599105593e-05
0.0028,5,4.998218866,5.000060777,-3.562267387e-05
0.002802,5,4.998237801,5.000131265,-3.524398114e-05
0.002804,5,4.998257238,5.000200975,-3.48552338e-05
0.002806,5,4.998277166,5.000269888,-3.445668922e-05
0.002808,5,4.99829757,5.000337986,-3.404860603e-05
0.00281,5,4.998318438,5.000405248,-3.363124397e-05
0.002812,5,4.998339757,5.000471658,-3.320486376e-05
0.002814,5,4.998361514,5.000537197,-3.276972703e-05
0.002816,5,4.998383695,5.000601849,-3.232609617e-05
0.002818,5,4.998406288,5.000665598,-3.187423423e-05
0.00282,5,4.99842928,5.000728427,-3.141440483e-05
0.002822,5,4.998452656,5.000790321,-3.0946872e-05
0.002824,5,4.998476405,5.000851264,-3.047190014e-05
0.002826,5,4.998500512,5.000911244,-2.998975383e-05
0.002828,5,4.998524965,5.000970245,-2.950069781e-05
0.00283,5,4.99854975,5.001028255,-2.90049968e-05
0.002832,5,4.998574854,5.001085261,-2.850291543e-05
0.002834,5,4.998600264,5.00114125,-2.799471816e-05
0.002836,5,4.998625967,5.001196212,-2.74806691e-05
0.002838,5,4.998651948,5.001250134,-2.6961032e-05
0.00284,5,4.998678196,5.001303006,-2.64360701e-05
0.002842,5,4.998704698,5.001354818,-2.590604601e-05
0.002844,5,4.998731439,5.001405561,-2.537122168e-05
0.002846,5,4.998758407,5.001455224,-2.483185824e-05
0.002848,5,4.998785589,5.001503801,-2.428821594e-05
0.00285,5,4.998812972,5.001551282,-2.374055404e-05
0.002852,5,4.998840543,5.00159766,-2.318913071e-05
0.002854,5,4.99886829,5.001642928,-2.263420299e-05
0.002856,5,4.998896199,5.001687081,-2.207602661e-05
0.002858,5,4.998924257,5.00173011,-2.1514856e-05
0.00286,5,4.998952453,5.001772012,-2.095094413e-05
0.002862,5,4.998980773,5.001812781,-2.038454246e-05
0.002864,5,4.999009205,5.001852413,-1.981590085e-05
0.002866,5,4.999037737,5.001890904,-1.924526746e-05
0.002868,5,4.999066356,5.001928249,-1.867288871e-05
0.00287,5,4.99909505,5.001964447,-1.809900914e-05
0.002872,5,4.999123806,5.001999495,-1.752387141e-05
0.002874,5,4.999152614,5.002033391,-1.694771614e-05
0.002876,5,4.999181461,5.002066132,-1.63707819e-05
0.002878,5,4.999210335,5.002097719,-1.579330511e-05
0.00288,5,4.999239224,5.00212815,-1.521551996e-05
0.002882,5,4.999268117,5.002157425,-1.463765837e-05
0.002884,5,4.999297003,5.002185545,-1.405994987e-05
0.002886,5,4.999325869,5.00221251,-1.348262162e-05
0.002888,5,4.999354705,5.002238322,-1.290589823e-05
0.00289,5,4.9993835,5.002262982,-1.233000181e-05
0.002892,5,4.999412242,5.002286492,-1.175515183e-05
0.002894,5,4.999440922,5.002308855,-1.11815651e-05
0.002896,5,4.999469527,5.002330074,-1.060945567e-05
0.002898,5,4.999498048,5.002350152,-1.003903484e-05
0.0029,5,4.999526474,5.002369093,-9.470511037e-06
0.002902,5,4.999554796,5.002386902,-8.904089814e-06
0.002904,5,4.999583001,5.002403582,-8.339973762e-06
0.002906,5,4.999611082,5.002419138,-7.778362478e-06
0.002908,5,4.999639027,5.002433577,-7.219452513e-06
0.00291,5,4.999666828,5.002446904,-6.663437325e-06
0.002912,5,4.999694475,5.002459125,-6.110507234e-06
0.002914,5,4.999721958,5.002470247,-5.560849383e-06
0.002916,5,4.999749268,5.002480276,-5.014647689e-06
0.002918,5,4.999776396,5.00248922,-4.472082811e-06
0.00292,5,4.999803333,5.002497087,-3.933332107e-06
0.002922,5,4.999830072,5.002503884,-3.398569601e-06
0.002924,5,4.999856602,5.00250962,-2.867965944e-06
0.002926,5,4.999882916,5.002514303,-2.341688388e-06
0.002928,5,4.999909005,5.002517943,-1.819900748e-06
0.00293,5,4.999934862,5.002520549,-1.302763376e-06
0.002932,5,4.999960478,5.00252213,-7.904331337e-07
0.002934,5,4.999985847,5.002522696,-2.830633635e-07
0.002936,5,5.00001096,5.002522257,2.191961333e-07
0.002938,5,5.00003581,5.002520825,7.161991206e-07
0.00294,5,5.00006039,5.002518409,1.207802948e-06
0.002942,5,5.000084693,5.002515022,1.693868573e-06
0.002944,5,5.000108713,5.002510673,2.174260572e-06
0.002946,5,5.000132442,5.002505375,2.648847168e-06
0.002948,5,5.000155875,5.00249914,3.117500232e-06
0.00295,5,5.000179005,5.00249198,3.580095307e-06
0.002952,5,5.000201826,5.002483907,4.036511615e-06
0.002954,5,5.000224332,5.002474934,4.486632066e-06
0.002956,5,5.000246517,5.002465073,4.930343267e-06
0.002958,5,5.000268377,5.002454338,5.367535531e-06
0.00296,5,5.000289905,5.002442742,5.79810288e-06
0.002962,5,5.000311097,5.002430298,6.221943051e-06
0.002964,5,5.000331948,5.00241702,6.638957494e-06
0.002966,5,5.000352453,5.002402922,7.049051378e-06
0.002968,5,5.000372607,5.002388018,7.452133587e-06
0.00297,5,5.000392406,5.002372321,7.848116717e-06
0.002972,5,5.000411846,5.002355848,8.236917077e-06
0.002974,5,5.000430923,5.002338611,8.618454679e-06
0.002976,5,5.000449633,5.002320625,8.992653234e-06
0.002978,5,5.000467972,5.002301907,9.359440144e-06
0.00298,5,5.000485937,5.002282469,9.718746492e-06
0.002982,5,5.000503525,5.002262328,1.007050703e-05
0.002984,5,5.000520733,5.002241499,1.041466018e-05
0.002986,5,5.000537557,5.002219996,1.075114798e-05
0.002988,5,5.000553996,5.002197837,1.107991614e-05
0.00299,5,5.000570046,5.002175035,1.140091396e-05
0.002992,5,5.000585705,5.002151607,1.171409433e-05
0.002994,5,5.000600971,5.002127568,1.201941374e-05
0.002996,5,5.000615842,5.002102934,1.231683224e-05
0.002998,5,5.000630316,5.002077721,1.26063134e-05
0.003,5,5.000644391,5.002051946,1.288782432e-05
